mean_err,jerk,success,misalign,reaction,method,delta,trial
0.026900115155767335,0.000961595775793594,0.765,0.0,7.0,Sync,0,0
0.02963545359605672,0.000961595775793594,0.7516666666666667,0.0,7.533333333333333,Naive-Async,0,0
0.02963545359605672,0.000961595775793594,0.7516666666666667,0.0,7.533333333333333,VLASH,0,0
0.03170759787074674,0.0011492385583335416,0.775,0.0,7.666666666666667,Sync,0,1
0.03170759787074674,0.0011492385583335416,0.775,0.0,7.666666666666667,Naive-Async,0,1
0.03170759787074674,0.0011492385583335416,0.775,0.0,7.666666666666667,VLASH,0,1
0.03346569929488618,0.0011531527131683995,0.755,0.0,8.266666666666667,Sync,0,2
0.03346569929488618,0.0011531527131683995,0.755,0.0,8.266666666666667,Naive-Async,0,2
0.03346569929488618,0.0011531527131683995,0.755,0.0,8.266666666666667,VLASH,0,2
0.024298722137272046,0.0010772798236522922,0.8333333333333334,0.0,5.266666666666667,Sync,0,3
0.03423208690066077,0.0010772798236522922,0.7933333333333333,0.0,6.866666666666666,Naive-Async,0,3
0.03423208690066077,0.0010772798236522922,0.7933333333333333,0.0,6.866666666666666,VLASH,0,3
0.023185026177905257,0.0008693207612061314,0.7883333333333333,0.0,7.142857142857143,Sync,0,4
0.032746338816887134,0.0008693207612061314,0.735,0.0,9.428571428571429,Naive-Async,0,4
0.032746338816887134,0.0008693207612061314,0.735,0.0,9.428571428571429,VLASH,0,4
0.03691300743567673,0.0011122104813823038,0.7516666666666667,0.0,9.285714285714286,Sync,0,5
0.03691300743567673,0.0011122104813823038,0.7516666666666667,0.0,9.285714285714286,Naive-Async,0,5
0.03691300743567673,0.0011122104813823038,0.7516666666666667,0.0,9.285714285714286,VLASH,0,5
0.03538645289522792,0.0011170258459833912,0.7583333333333333,0.0,8.928571428571429,Sync,0,6
0.03867777234686755,0.0011170258459833912,0.745,0.0,9.5,Naive-Async,0,6
0.03867777234686755,0.0011170258459833912,0.745,0.0,9.5,VLASH,0,6
0.024786141781787285,0.001009577466956521,0.8133333333333334,0.0,6.571428571428571,Sync,0,7
0.03186274793560106,0.001009577466956521,0.7733333333333333,0.0,8.285714285714286,Naive-Async,0,7
0.03186274793560106,0.001009577466956521,0.7733333333333333,0.0,8.285714285714286,VLASH,0,7
0.024297932410300663,0.0007378667719505617,0.7683333333333333,0.0,7.428571428571429,Sync,0,8
0.025324758091536097,0.0007378667719505617,0.755,0.0,8.0,Naive-Async,0,8
0.025324758091536097,0.0007378667719505617,0.755,0.0,8.0,VLASH,0,8
0.030809365489166365,0.0010709888258650388,0.78,0.0,7.857142857142857,Sync,0,9
0.03737476093055737,0.0010709888258650388,0.74,0.0,9.571428571428571,Naive-Async,0,9
0.03737476093055737,0.0010709888258650388,0.74,0.0,9.571428571428571,VLASH,0,9
0.0254661004976801,0.0009755986233954106,0.7783333333333333,0.0,6.933333333333334,Sync,0,10
0.03511433197213807,0.0009755986233954106,0.7383333333333333,0.0,8.533333333333333,Naive-Async,0,10
0.03511433197213807,0.0009755986233954106,0.7383333333333333,0.0,8.533333333333333,VLASH,0,10
0.021543116181446966,0.0007817894663847534,0.8283333333333334,0.0,5.133333333333334,Sync,0,11
0.026910950201790004,0.0007817894663847534,0.8016666666666666,0.0,6.2,Naive-Async,0,11
0.026910950201790004,0.0007817894663847534,0.8016666666666666,0.0,6.2,VLASH,0,11
0.03350018474259669,0.0011082850495481083,0.7716666666666666,0.0,9.933333333333334,Sync,0,12
0.03350018474259669,0.0011082850495481083,0.7716666666666666,0.0,9.933333333333334,Naive-Async,0,12
0.03350018474259669,0.0011082850495481083,0.7716666666666666,0.0,9.933333333333334,VLASH,0,12
0.03461308029281438,0.0013052311747696846,0.7433333333333333,0.0,8.3125,Sync,0,13
0.04481462737895491,0.0013052311747696846,0.7033333333333334,0.0,9.8125,Naive-Async,0,13
0.04481462737895491,0.0013052311747696846,0.7033333333333334,0.0,9.8125,VLASH,0,13
0.027551010938343456,0.0011159362558789063,0.7783333333333333,0.0,7.133333333333334,Sync,0,14
0.0343098593692649,0.0011159362558789063,0.7516666666666667,0.0,8.2,Naive-Async,0,14
0.0343098593692649,0.0011159362558789063,0.7516666666666667,0.0,8.2,VLASH,0,14
0.028153543682254707,0.0009790301624488804,0.8033333333333333,0.0,5.933333333333334,Sync,0,15
0.029421497300032205,0.0009790301624488804,0.79,0.0,6.466666666666667,Naive-Async,0,15
0.029421497300032205,0.0009790301624488804,0.79,0.0,6.466666666666667,VLASH,0,15
0.029426918601877947,0.0010039642234849048,0.7766666666666666,0.0,7.066666666666666,Sync,0,16
0.031323630259236145,0.0010039642234849048,0.7633333333333333,0.0,7.6,Naive-Async,0,16
0.031323630259236145,0.0010039642234849048,0.7633333333333333,0.0,7.6,VLASH,0,16
0.028660483090908406,0.0009398478368590703,0.755,0.0,7.733333333333333,Sync,0,17
0.03355652246042881,0.0009398478368590703,0.7283333333333334,0.0,8.8,Naive-Async,0,17
0.03355652246042881,0.0009398478368590703,0.7283333333333334,0.0,8.8,VLASH,0,17
0.03320525806737261,0.001143246118735683,0.755,0.0,8.4,Sync,0,18
0.03632488647761708,0.001143246118735683,0.7416666666666667,0.0,8.933333333333334,Naive-Async,0,18
0.03632488647761708,0.001143246118735683,0.7416666666666667,0.0,8.933333333333334,VLASH,0,18
0.03201302099186591,0.0010032132191454607,0.785,0.0,7.785714285714286,Sync,0,19
0.036501339041274,0.0010032132191454609,0.745,0.0,9.5,Naive-Async,0,19
0.036501339041274,0.0010032132191454609,0.745,0.0,9.5,VLASH,0,19
0.02547456892937461,0.0010142880355008795,0.8016666666666666,0.0,6.466666666666667,Sync,0,20
0.031416387499371264,0.0010142880355008795,0.7616666666666667,0.0,8.066666666666666,Naive-Async,0,20
0.031416387499371264,0.0010142880355008795,0.7616666666666667,0.0,8.066666666666666,VLASH,0,20
0.025739066122408553,0.0009505094456898053,0.8066666666666666,0.0,6.357142857142857,Sync,0,21
0.03436865860789934,0.0009505094456898053,0.74,0.0,8.642857142857142,Naive-Async,0,21
0.03436865860789934,0.0009505094456898053,0.74,0.0,8.642857142857142,VLASH,0,21
0.03497101051394111,0.0009928490207291348,0.76,0.0,8.428571428571429,Sync,0,22
0.03826354630135121,0.0009928490207291348,0.7466666666666667,0.0,9.0,Naive-Async,0,22
0.03826354630135121,0.0009928490207291348,0.7466666666666667,0.0,9.0,VLASH,0,22
0.03682870504586276,0.0011485684736717212,0.745,0.0,8.666666666666666,Sync,0,23
0.03682870504586276,0.0011485684736717212,0.745,0.0,8.666666666666666,Naive-Async,0,23
0.03682870504586276,0.0011485684736717212,0.745,0.0,8.666666666666666,VLASH,0,23
0.03086379205029048,0.0011417046456034378,0.785,0.0,7.333333333333333,Sync,0,24
0.03891639166849551,0.0011417046456034378,0.745,0.0,8.933333333333334,Naive-Async,0,24
0.03891639166849551,0.0011417046456034378,0.745,0.0,8.933333333333334,VLASH,0,24
0.023029832485582737,0.0009781225873084862,0.8133333333333334,0.0,6.133333333333334,Sync,0,25
0.030822330583142054,0.0009781225873084862,0.76,0.0,8.266666666666667,Naive-Async,0,25
0.030822330583142054,0.0009781225873084862,0.76,0.0,8.266666666666667,VLASH,0,25
0.02772904483544734,0.001046235205113142,0.7816666666666666,0.0,7.571428571428571,Sync,0,26
0.0333339071314664,0.001046235205113142,0.755,0.0,8.714285714285714,Naive-Async,0,26
0.0333339071314664,0.001046235205113142,0.755,0.0,8.714285714285714,VLASH,0,26
0.026931529221961174,0.0009463208004557815,0.7766666666666666,0.0,7.857142857142857,Sync,0,27
0.028838666624009406,0.0009463208004557815,0.7633333333333333,0.0,8.428571428571429,Naive-Async,0,27
0.028838666624009406,0.0009463208004557815,0.7633333333333333,0.0,8.428571428571429,VLASH,0,27
0.03139318702584715,0.0010864333599905427,0.7816666666666666,0.0,9.933333333333334,Sync,0,28
0.03441534360264092,0.0010864333599905427,0.7683333333333333,0.0,10.466666666666667,Naive-Async,0,28
0.03441534360264092,0.0010864333599905427,0.7683333333333333,0.0,10.466666666666667,VLASH,0,28
0.027670142341706765,0.0009333661451541573,0.8016666666666666,0.0,8.866666666666667,Sync,0,29
0.0341639266741539,0.0009333661451541573,0.7616666666666667,0.0,10.466666666666667,Naive-Async,0,29
0.0341639266741539,0.0009333661451541573,0.7616666666666667,0.0,10.466666666666667,VLASH,0,29
0.02106209213506972,0.000759564180738086,0.8116666666666666,0.0,5.6,Sync,0,30
0.025675783515588364,0.000759564180738086,0.785,0.0,6.666666666666667,Naive-Async,0,30
0.025675783515588364,0.000759564180738086,0.785,0.0,6.666666666666667,VLASH,0,30
0.031196194509098673,0.0010189872126828946,0.785,0.0,7.2,Sync,0,31
0.033817709750881865,0.0010189872126828946,0.7583333333333333,0.0,7.733333333333333,Naive-Async,0,31
0.033817709750881865,0.0010189872126828946,0.7583333333333333,0.0,7.733333333333333,VLASH,0,31
0.02978843440156712,0.0011904532256046053,0.7983333333333333,0.0,6.666666666666667,Sync,0,32
0.03383206357374505,0.0011904532256046053,0.7716666666666666,0.0,7.733333333333333,Naive-Async,0,32
0.03383206357374505,0.0011904532256046053,0.7716666666666666,0.0,7.733333333333333,VLASH,0,32
0.022598937531632408,0.0009946164208862775,0.8183333333333334,0.0,5.866666666666666,Sync,0,33
0.03093141930622231,0.0009946164208862775,0.7783333333333333,0.0,7.466666666666667,Naive-Async,0,33
0.03093141930622231,0.0009946164208862775,0.7783333333333333,0.0,7.466666666666667,VLASH,0,33
0.02729005644331873,0.0009332772475623408,0.7733333333333333,0.0,7.2,Sync,0,34
0.027858004995600143,0.0009332772475623408,0.76,0.0,7.2,Naive-Async,0,34
0.027858004995600143,0.0009332772475623408,0.76,0.0,7.2,VLASH,0,34
0.031642859401211365,0.0010019788042067122,0.7716666666666666,0.0,9.2,Sync,0,35
0.031642859401211365,0.0010019788042067122,0.7716666666666666,0.0,9.2,Naive-Async,0,35
0.031642859401211365,0.0010019788042067122,0.7716666666666666,0.0,9.2,VLASH,0,35
0.02970728972658564,0.0010473015874813772,0.77,0.0,7.466666666666667,Sync,0,36
0.035486708479021696,0.0010473015874813772,0.7433333333333333,0.0,8.533333333333333,Naive-Async,0,36
0.035486708479021696,0.0010473015874813772,0.7433333333333333,0.0,8.533333333333333,VLASH,0,36
0.02870113227367509,0.0009168973871605758,0.7733333333333333,0.0,6.933333333333334,Sync,0,37
0.02870113227367509,0.0009168973871605758,0.7733333333333333,0.0,6.933333333333334,Naive-Async,0,37
0.02870113227367509,0.0009168973871605758,0.7733333333333333,0.0,6.933333333333334,VLASH,0,37
0.027272630072002226,0.0009300924992183645,0.7983333333333333,0.0,6.533333333333333,Sync,0,38
0.027272630072002226,0.0009300924992183645,0.7983333333333333,0.0,6.533333333333333,Naive-Async,0,38
0.027272630072002226,0.0009300924992183645,0.7983333333333333,0.0,6.533333333333333,VLASH,0,38
0.031363928043319535,0.001115163525090177,0.7583333333333333,0.0,8.133333333333333,Sync,0,39
0.03713868212248419,0.001115163525090177,0.7316666666666667,0.0,9.2,Naive-Async,0,39
0.03713868212248419,0.001115163525090177,0.7316666666666667,0.0,9.2,VLASH,0,39
0.03380251762885834,0.0010005464596396928,0.7533333333333333,0.0,8.642857142857142,Sync,0,40
0.03380251762885834,0.0010005464596396928,0.7533333333333333,0.0,8.642857142857142,Naive-Async,0,40
0.03380251762885834,0.0010005464596396928,0.7533333333333333,0.0,8.642857142857142,VLASH,0,40
0.03510111449396396,0.001182888616186803,0.7466666666666667,0.0,10.4375,Sync,0,41
0.04022774442104773,0.001182888616186803,0.72,0.0,11.4375,Naive-Async,0,41
0.04022774442104773,0.001182888616186803,0.72,0.0,11.4375,VLASH,0,41
0.024112591598173985,0.0010424160864705855,0.8066666666666666,0.0,6.928571428571429,Sync,0,42
0.031236138344220333,0.0010424160864705855,0.7666666666666667,0.0,8.642857142857142,Naive-Async,0,42
0.031236138344220333,0.0010424160864705855,0.7666666666666667,0.0,8.642857142857142,VLASH,0,42
0.02905897644172727,0.0008777773183071518,0.7783333333333333,0.0,7.142857142857143,Sync,0,43
0.02905897644172727,0.0008777773183071518,0.7783333333333333,0.0,7.142857142857143,Naive-Async,0,43
0.02905897644172727,0.0008777773183071518,0.7783333333333333,0.0,7.142857142857143,VLASH,0,43
0.03924403626305284,0.0011850350998588411,0.7283333333333334,0.0,9.466666666666667,Sync,0,44
0.03924403626305284,0.0011850350998588411,0.7283333333333334,0.0,9.466666666666667,Naive-Async,0,44
0.03924403626305284,0.0011850350998588411,0.7283333333333334,0.0,9.466666666666667,VLASH,0,44
0.03253793994791247,0.0011135093322942409,0.7733333333333333,0.0,7.533333333333333,Sync,0,45
0.040214548953661444,0.0011135093322942409,0.7333333333333333,0.0,9.133333333333333,Naive-Async,0,45
0.040214548953661444,0.0011135093322942409,0.7333333333333333,0.0,9.133333333333333,VLASH,0,45
0.02732222673928576,0.0009460509285543884,0.7766666666666666,0.0,6.866666666666666,Sync,0,46
0.02897186717356597,0.0009460509285543884,0.7633333333333333,0.0,7.4,Naive-Async,0,46
0.02897186717356597,0.0009460509285543884,0.7633333333333333,0.0,7.4,VLASH,0,46
0.021907087029107725,0.0007478226892466542,0.8116666666666666,0.0,6.5,Sync,0,47
0.023788906179859876,0.0007478226892466542,0.7983333333333333,0.0,7.071428571428571,Naive-Async,0,47
0.023788906179859876,0.0007478226892466542,0.7983333333333333,0.0,7.071428571428571,VLASH,0,47
0.03322547156853445,0.001048061452366688,0.7716666666666666,0.0,7.4,Sync,0,48
0.03322547156853445,0.001048061452366688,0.7716666666666666,0.0,7.4,Naive-Async,0,48
0.03322547156853445,0.001048061452366688,0.7716666666666666,0.0,7.4,VLASH,0,48
0.03467776345431209,0.0010754997420489155,0.7716666666666666,0.0,7.533333333333333,Sync,0,49
0.039169892112436544,0.0010754997420489155,0.745,0.0,8.6,Naive-Async,0,49
0.039169892112436544,0.0010754997420489155,0.745,0.0,8.6,VLASH,0,49
0.03097694152672266,0.0010597643458576775,0.775,0.0,7.2,Sync,1,0
0.03845735036864879,0.001169825904280541,0.7416666666666667,0.00534107253169541,8.066666666666666,Naive-Async,1,0
0.03375167339654952,0.0010597643458576719,0.75,0.0,8.066666666666666,VLASH,1,0
0.030281179965441916,0.0010438620922777922,0.7633333333333333,0.0,7.0,Sync,1,1
0.04188101444497618,0.00115296197582046,0.7216666666666667,0.005287820150832479,8.466666666666667,Naive-Async,1,1
0.03717207137230743,0.0010438620922777883,0.7333333333333333,0.0,8.466666666666667,VLASH,1,1
0.03684813062589513,0.0011965562926383629,0.7566666666666667,0.0,8.133333333333333,Sync,1,2
0.05030427570101288,0.0013177267474479859,0.7116666666666667,0.0060529510473151076,9.333333333333334,Naive-Async,1,2
0.04498134579000128,0.0011965562926383585,0.7233333333333334,0.0,9.333333333333334,VLASH,1,2
0.03160627040273007,0.001139979465957584,0.7783333333333333,0.0,9.25,Sync,1,3
0.0419977309831558,0.0012611985128954594,0.7433333333333333,0.005610513603909601,8.0625,Naive-Async,1,3
0.03696478491683419,0.00113997946595758,0.7566666666666667,0.0,8.0625,VLASH,1,3
0.0305507268591259,0.0009360526300678206,0.7833333333333333,0.0,7.2,Sync,1,4
0.03484742081920265,0.0010331991422452243,0.78,0.004625270457871188,7.333333333333333,Naive-Async,1,4
0.030677096537825365,0.0009360526300678137,0.785,0.0,7.333333333333333,VLASH,1,4
0.025856315207759308,0.0008483720594062307,0.8116666666666666,0.0,5.133333333333334,Sync,1,5
0.031576305686463454,0.0009376078618947006,0.7666666666666667,0.0042937547580537095,6.066666666666666,Naive-Async,1,5
0.02769478616462546,0.0008483720594062251,0.795,0.0,6.066666666666666,VLASH,1,5
0.027507491968335445,0.0009763854048825165,0.7933333333333333,0.0,6.2,Sync,1,6
0.03349653364498007,0.0010798416143360198,0.7783333333333333,0.004940419750392892,6.733333333333333,Naive-Async,1,6
0.02908548365100125,0.0009763854048825112,0.7783333333333333,0.0,6.733333333333333,VLASH,1,6
0.02580308921486026,0.0010848962048420083,0.8083333333333333,0.0,6.714285714285714,Sync,1,7
0.0408685457452535,0.0012032997853427309,0.7383333333333333,0.005505371544279683,9.428571428571429,Naive-Async,1,7
0.03583321225777787,0.0010848962048420057,0.745,0.0,9.428571428571429,VLASH,1,7
0.03544766158762047,0.0012430619993289537,0.7733333333333333,0.0,9.8,Sync,1,8
0.050673701519887766,0.0013742504570228731,0.6966666666666667,0.006082125016199012,10.0,Naive-Async,1,8
0.045285327882547785,0.001243061999328949,0.7116666666666667,0.0,10.0,VLASH,1,8
0.030972172298854635,0.0009705159492256876,0.7966666666666666,0.0,6.533333333333333,Sync,1,9
0.03746532218928903,0.001059471195093216,0.7766666666666666,0.0048352895485950734,7.0,Naive-Async,1,9
0.03325162005606526,0.0009705159492256828,0.7833333333333333,0.0,7.0,VLASH,1,9
0.03637948231266446,0.0011148416016874552,0.7533333333333333,0.0,9.0,Sync,1,10
0.03977715289574212,0.0012399656025365434,0.7466666666666667,0.005663345784928484,8.857142857142858,Naive-Async,1,10
0.034612508549718916,0.00111484160168745,0.7566666666666667,0.0,8.857142857142858,VLASH,1,10
0.03946734745915058,0.0010856066265273901,0.7333333333333333,0.0,9.785714285714286,Sync,1,11
0.04155019856185795,0.001196715443883768,0.7316666666666667,0.005441864977803744,9.142857142857142,Naive-Async,1,11
0.03661179256113305,0.0010856066265273851,0.7483333333333333,0.0,9.142857142857142,VLASH,1,11
0.03417472481241652,0.0010751543120697353,0.7566666666666667,0.0,8.266666666666667,Sync,1,12
0.04200041578721957,0.0011841029869189617,0.7316666666666667,0.005378123363233019,9.066666666666666,Naive-Async,1,12
0.03717574191190798,0.0010751543120697293,0.735,0.0,9.066666666666666,VLASH,1,12
0.02782301154621523,0.0009032756734121511,0.7616666666666667,0.0,9.866666666666667,Sync,1,13
0.02811555033690281,0.0009980720057801045,0.7766666666666666,0.004416370562942486,7.066666666666666,Naive-Async,1,13
0.02411978931187679,0.000903275673412146,0.7766666666666666,0.0,7.133333333333334,VLASH,1,13
0.03869008796312111,0.0009828854026390271,0.73,0.0,10.3125,Sync,1,14
0.03539491959313531,0.0010740114092025182,0.7633333333333333,0.004705205820919724,6.875,Naive-Async,1,14
0.03130666342587441,0.0009828854026390217,0.77,0.0,6.9375,VLASH,1,14
0.03216456917729539,0.0008775404460847954,0.7516666666666667,0.0,8.642857142857142,Sync,1,15
0.031997896790195456,0.0009697543151547186,0.7683333333333333,0.0043311726993819155,7.857142857142857,Naive-Async,1,15
0.028058087948166246,0.0008775404460847892,0.77,0.0,7.857142857142857,VLASH,1,15
0.0377106549144643,0.0011953483685165412,0.755,0.0,11.133333333333333,Sync,1,16
0.040863574156140295,0.0013222989890779022,0.755,0.006057280901444779,10.533333333333333,Naive-Async,1,16
0.03537042400139732,0.0011953483685165378,0.77,0.0,10.533333333333333,VLASH,1,16
0.027810414885335557,0.0008950313583292218,0.7783333333333333,0.0,7.928571428571429,Sync,1,17
0.033800894301426014,0.0009895059249557584,0.7633333333333333,0.004508410440909399,8.214285714285714,Naive-Async,1,17
0.029721856550464713,0.0008950313583292185,0.7733333333333333,0.0,8.142857142857142,VLASH,1,17
0.02972816944266483,0.0009673071813670473,0.78,0.0,7.2,Sync,1,18
0.03428623024192054,0.0010676764915869767,0.7566666666666667,0.004876342002131857,7.733333333333333,Naive-Async,1,18
0.029884373505069537,0.0009673071813670412,0.7666666666666667,0.0,7.733333333333333,VLASH,1,18
0.036464741747409615,0.0011688073406093628,0.7483333333333333,0.0,8.8,Sync,1,19
0.041984036402807616,0.0012873313704405628,0.7316666666666667,0.005785837431898627,9.133333333333333,Naive-Async,1,19
0.036830906824871,0.001168807340609358,0.7383333333333333,0.0,9.133333333333333,VLASH,1,19
0.02647324759392983,0.0008303593622114874,0.7866666666666666,0.0,9.066666666666666,Sync,1,20
0.035355108976209346,0.0009229432666534294,0.755,0.004220069879650991,10.2,Naive-Async,1,20
0.03153687741137604,0.0008303593622114802,0.7616666666666667,0.0,10.133333333333333,VLASH,1,20
0.03206508923796252,0.0012444148094131933,0.7616666666666667,0.0,7.375,Sync,1,21
0.044723959665608035,0.0013645001271193685,0.71,0.006265243942306606,8.5,Naive-Async,1,21
0.03910133254080083,0.0012381004862051688,0.7233333333333334,0.0,8.5,VLASH,1,21
0.027100263459660105,0.0009285762243723852,0.7666666666666667,0.0,6.8,Sync,1,22
0.03876848280142068,0.0009946850232498525,0.7216666666666667,0.004555554671784259,10.733333333333333,Naive-Async,1,22
0.0346655405451517,0.0008977331077604819,0.7266666666666667,0.0,10.733333333333333,VLASH,1,22
0.038716551620224124,0.0011928359914492007,0.725,0.0,10.3125,Sync,1,23
0.044792567744963444,0.0013141181364797173,0.7116666666666667,0.005864061632219282,8.875,Naive-Async,1,23
0.0396170493476701,0.0011928359914491946,0.7216666666666667,0.0,8.875,VLASH,1,23
0.0340657805988559,0.0010751230874585,0.7483333333333333,0.0,9.625,Sync,1,24
0.03343731604643119,0.0011803925044788172,0.7666666666666667,0.005261626587522757,6.625,Naive-Async,1,24
0.028777831596690912,0.0010751230874584954,0.7766666666666666,0.0,6.625,VLASH,1,24
0.03461422495112254,0.0011760023497328414,0.765,0.0,8.066666666666666,Sync,1,25
0.045490853256998615,0.001268519021982181,0.7066666666666667,0.005804506668830706,12.066666666666666,Naive-Async,1,25
0.04027448314266131,0.001144186562090612,0.7233333333333334,0.0,12.066666666666666,VLASH,1,25
0.021746145326879646,0.0007036486493095092,0.8033333333333333,0.0,6.357142857142857,Sync,1,26
0.027098861816088105,0.0007810730964994424,0.805,0.0035498335152960364,6.642857142857143,Naive-Async,1,26
0.023832429213204116,0.0007036486493095033,0.8016666666666666,0.0,6.642857142857143,VLASH,1,26
0.035786403150351934,0.001150558840881044,0.7466666666666667,0.0,8.6,Sync,1,27
0.04312258607865129,0.0012718411938365043,0.7316666666666667,0.005785331408907091,8.866666666666667,Naive-Async,1,27
0.03791797731228905,0.0011505588408810374,0.735,0.0,8.866666666666667,VLASH,1,27
0.030999435914914504,0.0010464003539184061,0.7733333333333333,0.0,7.466666666666667,Sync,1,28
0.03608021553037498,0.001123372917578816,0.75,0.005142575303205917,10.333333333333334,Naive-Async,1,28
0.03141565638234982,0.0010134145085370781,0.7566666666666667,0.0,10.333333333333334,VLASH,1,28
0.02238295982260767,0.0009254828941886574,0.8083333333333333,0.0,6.142857142857143,Sync,1,29
0.036129726511658945,0.0010239779912933594,0.7466666666666667,0.00466989084163217,8.0,Naive-Async,1,29
0.031863721731638796,0.0009254828941886507,0.7533333333333333,0.0,8.0,VLASH,1,29
0.03729719621555871,0.0012035965668921406,0.7566666666666667,0.0,11.428571428571429,Sync,1,30
0.046546412495964556,0.001332754509264885,0.725,0.00594927197583203,9.571428571428571,Naive-Async,1,30
0.04112323915855067,0.0012035965668921358,0.7466666666666667,0.0,9.571428571428571,VLASH,1,30
0.03696611640845993,0.0010754404592345857,0.7316666666666667,0.0,8.666666666666666,Sync,1,31
0.039486131806570436,0.0011921001225467115,0.735,0.005370587891054515,8.2,Naive-Async,1,31
0.034602087578880794,0.00107544045923458,0.7416666666666667,0.0,8.2,VLASH,1,31
0.02595625779244819,0.0009007065448968182,0.7866666666666666,0.0,6.2,Sync,1,32
0.03667906112057032,0.0009657334172155757,0.74,0.004309295871859934,7.533333333333333,Naive-Async,1,32
0.03278076935316619,0.0008710908485958057,0.745,0.0,7.533333333333333,VLASH,1,32
0.02985160964473111,0.0010362620105210704,0.7866666666666666,0.0,7.214285714285714,Sync,1,33
0.039036834977382945,0.0011450528972497657,0.7466666666666667,0.005226240811016045,8.357142857142858,Naive-Async,1,33
0.034311399983423585,0.0010362620105210663,0.7616666666666667,0.0,8.357142857142858,VLASH,1,33
0.03800138156883464,0.001149588551040112,0.7683333333333333,0.0,8.428571428571429,Sync,1,34
0.039755836494997025,0.001276339362417735,0.7666666666666667,0.005822021127940242,8.142857142857142,Naive-Async,1,34
0.034472171679218365,0.001149588551040107,0.78,0.0,8.142857142857142,VLASH,1,34
0.03208856765307627,0.0009623537181979094,0.745,0.0,8.0,Sync,1,35
0.03244104216326279,0.0010657458547841756,0.755,0.004808207342871182,7.333333333333333,Naive-Async,1,35
0.028049598543997783,0.0009623537181979046,0.7583333333333333,0.0,7.333333333333333,VLASH,1,35
0.03215738779392327,0.0012134206132804399,0.7733333333333333,0.0,7.466666666666667,Sync,1,36
0.043411949181048716,0.001311731643252137,0.7333333333333333,0.006003866817448718,10.666666666666666,Naive-Async,1,36
0.037970624003082196,0.0011831003139116622,0.7533333333333333,0.0,10.666666666666666,VLASH,1,36
0.034998818049673905,0.000994939238681101,0.755,0.0,10.6,Sync,1,37
0.03459486356526674,0.0011058459297454656,0.7616666666666667,0.005054086643753265,9.733333333333333,Naive-Async,1,37
0.029941444591864118,0.0009949392386810988,0.765,0.0,9.733333333333333,VLASH,1,37
0.027349045259498876,0.000999454550834017,0.79,0.0,7.642857142857143,Sync,1,38
0.03369841566380433,0.0011105133659521224,0.7716666666666666,0.0050694182427103865,7.928571428571429,Naive-Async,1,38
0.02900262696999692,0.0009994545508340109,0.7833333333333333,0.0,7.928571428571429,VLASH,1,38
0.031751473556678615,0.0009882898288079943,0.77,0.0,7.5,Sync,1,39
0.037487660837318686,0.0010910022250382259,0.7483333333333333,0.004969813869900832,8.357142857142858,Naive-Async,1,39
0.032953509720597664,0.0009882898288079884,0.755,0.0,8.357142857142858,VLASH,1,39
0.029462619292826016,0.0009269806296774344,0.77,0.0,6.933333333333334,Sync,1,40
0.03349230436197671,0.0010080921955452793,0.7616666666666667,0.004559004371172697,7.0,Naive-Async,1,40
0.029340578699257307,0.0009106650616795476,0.7683333333333333,0.0,7.0,VLASH,1,40
0.030211502884141036,0.0009769523362150748,0.7983333333333333,0.0,7.214285714285714,Sync,1,41
0.03801621204145971,0.0010854802667246129,0.7733333333333333,0.004964400056919501,7.642857142857143,Naive-Async,1,41
0.033467052972505705,0.000976952336215069,0.785,0.0,7.642857142857143,VLASH,1,41
0.03527758998626906,0.0010760669416983541,0.7633333333333333,0.0,7.733333333333333,Sync,1,42
0.04135804813130287,0.001187895461673837,0.7416666666666667,0.005423409958517638,8.266666666666667,Naive-Async,1,42
0.03645659391442802,0.0010760669416983505,0.7583333333333333,0.0,8.266666666666667,VLASH,1,42
0.03478865594133874,0.0012542789708837215,0.7733333333333333,0.0,10.4,Sync,1,43
0.04456207684320517,0.0013875383763044455,0.725,0.006358915085062319,11.6,Naive-Async,1,43
0.03883306650948389,0.0012542789708837156,0.745,0.0,11.533333333333333,VLASH,1,43
0.03514602164606685,0.0010869081219505967,0.7483333333333333,0.0,8.4,Sync,1,44
0.042456891328116475,0.001175139542917361,0.715,0.00537979393161401,11.4,Naive-Async,1,44
0.037534497351065156,0.00105797662142843,0.73,0.0,11.4,VLASH,1,44
0.029968955529984253,0.0008967671163788363,0.765,0.0,7.933333333333334,Sync,1,45
0.03476466299477845,0.0009878494093651402,0.7666666666666667,0.004524190854598268,7.6,Naive-Async,1,45
0.030691064678088454,0.0008967671163788315,0.7733333333333333,0.0,7.6,VLASH,1,45
0.03396573158750577,0.0010888492732258725,0.7683333333333333,0.0,8.142857142857142,Sync,1,46
0.03986878583505901,0.001208167378460182,0.7466666666666667,0.005531465235500708,8.142857142857142,Naive-Async,1,46
0.03480232320011566,0.0010888492732258686,0.7566666666666667,0.0,8.142857142857142,VLASH,1,46
0.03242635647797259,0.0010364978847652471,0.76,0.0,8.785714285714286,Sync,1,47
0.03885042799662774,0.0011478561261169826,0.75,0.005251912848969094,8.285714285714286,Naive-Async,1,47
0.03406846064378186,0.0010364978847652415,0.7583333333333333,0.0,8.285714285714286,VLASH,1,47
0.025386557310885505,0.0006822720422049821,0.8033333333333333,0.0,8.533333333333333,Sync,1,48
0.02396697683757326,0.0007575388306336455,0.8266666666666667,0.003462587523975197,7.4,Naive-Async,1,48
0.02077812070588508,0.0006822720422049789,0.825,0.0,7.466666666666667,VLASH,1,48
0.030762047847020663,0.001064070381702608,0.7866666666666666,0.0,7.857142857142857,Sync,1,49
0.041287435525725114,0.0011801191343932765,0.7566666666666667,0.005390345958609444,9.0,Naive-Async,1,49
0.036443220341661454,0.0010640703817026038,0.7616666666666667,0.0,8.928571428571429,VLASH,1,49
0.0312192876754328,0.0008981573453233919,0.735,0.0,11.0,Sync,2,0
0.0454248103116747,0.0010721969015645135,0.6333333333333333,0.01132708406424747,11.733333333333333,Naive-Async,2,0
0.03586807088032779,0.0008981573453233886,0.725,0.0,11.533333333333333,VLASH,2,0
0.03353796288729716,0.001006849571534126,0.7866666666666666,0.0,7.785714285714286,Sync,2,1
0.047418656853780196,0.001193306934285698,0.6216666666666667,0.012582835946626654,8.928571428571429,Naive-Async,2,1
0.03699993145639815,0.001006849571534123,0.75,0.0,8.928571428571429,VLASH,2,1
0.03116396039369297,0.0009578124854264011,0.7633333333333333,0.0,8.0,Sync,2,2
0.0466417408960667,0.0011482265164354005,0.6333333333333333,0.011940495198715657,9.357142857142858,Naive-Async,2,2
0.03636036786599809,0.0009578124854263978,0.7366666666666667,0.0,9.285714285714286,VLASH,2,2
0.02262650524860722,0.0007156033842201546,0.8283333333333334,0.0,5.928571428571429,Sync,2,3
0.03476388434444168,0.0008398868392000448,0.7133333333333334,0.008823227311747363,7.071428571428571,Naive-Async,2,3
0.027194585664581824,0.0007156033842201471,0.7983333333333333,0.0,7.071428571428571,VLASH,2,3
0.03443858549760344,0.0009983087539032203,0.7483333333333333,0.0,10.4,Sync,2,4
0.04785164260269159,0.0011766656164102717,0.61,0.01236086427839536,11.266666666666667,Naive-Async,2,4
0.037721769776750326,0.0009983087539032162,0.7316666666666667,0.0,11.333333333333334,VLASH,2,4
0.036249813215846236,0.0010987900992678432,0.735,0.0,8.733333333333333,Sync,2,5
0.05117467824002978,0.0012553069655559324,0.59,0.013359836892400393,9.466666666666667,Naive-Async,2,5
0.040552353115365286,0.0010987900992678384,0.7216666666666667,0.0,9.533333333333333,VLASH,2,5
0.036763134930109416,0.0010623926319953214,0.7566666666666667,0.0,8.928571428571429,Sync,2,6
0.050289429517920634,0.0012630012844354395,0.6,0.013147324878047088,9.214285714285714,Naive-Async,2,6
0.0391924381569492,0.001062392631995315,0.7433333333333333,0.0,9.214285714285714,VLASH,2,6
0.03015924332583196,0.001009545523693054,0.7683333333333333,0.0,8.642857142857142,Sync,2,7
0.047819553938698064,0.0011943146871203083,0.615,0.012532269075103226,10.071428571428571,Naive-Async,2,7
0.03715362706931959,0.0010095455236930515,0.735,0.0,10.071428571428571,VLASH,2,7
0.029443083954101206,0.0008424027069134048,0.8083333333333333,0.0,8.8,Sync,2,8
0.04196717215689363,0.0009969915891727369,0.6783333333333333,0.010577506644916974,9.666666666666666,Naive-Async,2,8
0.03295032262191797,0.0008424027069134029,0.7883333333333333,0.0,9.6,VLASH,2,8
0.04388685529623932,0.0011366255262024029,0.7333333333333333,0.0,9.4,Sync,2,9
0.06164271951547495,0.0013341532489086112,0.5616666666666666,0.013564082850202825,11.133333333333333,Naive-Async,2,9
0.05080975950164143,0.0011366255262023985,0.6933333333333334,0.0,11.0,VLASH,2,9
0.040247625653160514,0.0012377762012368207,0.7216666666666667,0.0,9.0625,Sync,2,10
0.054245871331416576,0.00142516492639577,0.55,0.015189169931257029,11.3125,Naive-Async,2,10
0.04171114123769056,0.0012165906510286533,0.7166666666666667,0.0,11.3125,VLASH,2,10
0.035128763364252254,0.00112970013042203,0.755,0.0,10.733333333333333,Sync,2,11
0.056897584940199766,0.0013534000269096978,0.5566666666666666,0.014246644914630208,12.533333333333333,Naive-Async,2,11
0.04494145612262341,0.0011297001304220247,0.715,0.0,12.466666666666667,VLASH,2,11
0.04936536366259222,0.0012917536525389592,0.7,0.0,10.666666666666666,Sync,2,12
0.05635567704811857,0.0015042299814014234,0.5583333333333333,0.01569037744417703,9.6,Naive-Async,2,12
0.04344956857893943,0.0012917536525389561,0.7233333333333334,0.0,9.733333333333333,VLASH,2,12
0.037299484367323416,0.0010844015156711072,0.75,0.0,8.8,Sync,2,13
0.048129648327774846,0.0012451770379524707,0.6166666666666667,0.013077148393541137,10.6,Naive-Async,2,13
0.03715806251839452,0.0010426090492033652,0.76,0.0,10.6,VLASH,2,13
0.02439476811914822,0.0008585919959355233,0.7816666666666666,0.0,7.285714285714286,Sync,2,14
0.03758179831109901,0.00101149508910946,0.68,0.01073087413683797,8.0,Naive-Async,2,14
0.028493193428851336,0.0008585919959355188,0.7616666666666667,0.0,8.142857142857142,VLASH,2,14
0.03059340477261731,0.000953130488417816,0.77,0.0,7.533333333333333,Sync,2,15
0.04007595366234962,0.0011118368065038,0.635,0.011747125170451532,7.8,Naive-Async,2,15
0.030141075563577088,0.0009531304884178108,0.75,0.0,7.8,VLASH,2,15
0.03391497397760261,0.0010514153317604748,0.7566666666666667,0.0,8.714285714285714,Sync,2,16
0.05177949030377687,0.0012521086071092195,0.5983333333333334,0.013206406914230225,9.928571428571429,Naive-Async,2,16
0.04061507532431783,0.0010514153317604709,0.7333333333333333,0.0,9.714285714285714,VLASH,2,16
0.031634693746030104,0.001032644912643936,0.755,0.0,8.785714285714286,Sync,2,17
0.04924539800686445,0.0012192506241620583,0.61,0.01280638650768676,9.785714285714286,Naive-Async,2,17
0.0387509916139868,0.0010326449126439327,0.7316666666666667,0.0,9.785714285714286,VLASH,2,17
0.029549468737205178,0.0009973607150329511,0.78,0.0,7.133333333333334,Sync,2,18
0.045177088586441545,0.001148394947575764,0.645,0.012124443356585897,8.333333333333334,Naive-Async,2,18
0.035152091153649895,0.0009973607150329448,0.75,0.0,8.2,VLASH,2,18
0.02848147644241151,0.0009833958983875189,0.775,0.0,7.533333333333333,Sync,2,19
0.04478017805227583,0.0011804520474762489,0.625,0.012238392383895362,8.8,Naive-Async,2,19
0.03421362523178748,0.000983395898387513,0.745,0.0,8.733333333333333,VLASH,2,19
0.04561825544083904,0.0011781655127669724,0.705,0.0,9.933333333333334,Sync,2,20
0.0560338349917199,0.0013536785701826772,0.5516666666666666,0.014128554133231956,9.733333333333333,Naive-Async,2,20
0.0446307809307615,0.0011781655127669692,0.705,0.0,9.8,VLASH,2,20
0.04048299447745398,0.0011161033378063708,0.72,0.0,8.875,Sync,2,21
0.05263640530948598,0.0013080358047083,0.585,0.013569552575379484,9.1875,Naive-Async,2,21
0.0414358162310968,0.0011161033378063651,0.7133333333333334,0.0,9.125,VLASH,2,21
0.032729461790674916,0.0010173131656622334,0.78,0.0,7.214285714285714,Sync,2,22
0.046855109451011366,0.0012191421297287834,0.6266666666666667,0.01286546122969848,8.071428571428571,Naive-Async,2,22
0.0356482666896914,0.0010173131656622282,0.7666666666666667,0.0,8.071428571428571,VLASH,2,22
0.03298126994623767,0.0011178688987543998,0.7633333333333333,0.0,7.733333333333333,Sync,2,23
0.05285122878302545,0.0012695250568687327,0.575,0.013440505645146648,9.8,Naive-Async,2,23
0.04245516807889885,0.0011178688987543944,0.71,0.0,9.866666666666667,VLASH,2,23
0.04205155616521316,0.001135768133894246,0.715,0.0,9.466666666666667,Sync,2,24
0.058995303730957266,0.0013281128187923009,0.55,0.013967601361402439,10.666666666666666,Naive-Async,2,24
0.04745696623255414,0.0011357681338942396,0.695,0.0,10.266666666666667,VLASH,2,24
0.02731978326749765,0.0008285493546972513,0.7883333333333333,0.0,6.6,Sync,2,25
0.03970169640461245,0.0009429410265599465,0.6816666666666666,0.009979546567928675,7.666666666666667,Naive-Async,2,25
0.03196654517579427,0.000828549354697246,0.7583333333333333,0.0,7.8,VLASH,2,25
0.034138698184172867,0.0011129577107016628,0.76,0.0,8.214285714285714,Sync,2,26
0.04976941567657236,0.001306932653684,0.595,0.013699694340769621,8.642857142857142,Naive-Async,2,26
0.03833265413033389,0.0011129577107016578,0.75,0.0,8.642857142857142,VLASH,2,26
0.03468821795872557,0.0010234097204330742,0.7233333333333334,0.0,8.533333333333333,Sync,2,27
0.050336970559920015,0.0012035146819347042,0.5866666666666667,0.012426332110861546,9.4,Naive-Async,2,27
0.04068984609668571,0.0010234097204330722,0.7,0.0,9.466666666666667,VLASH,2,27
0.035245590586436656,0.0010482624700259547,0.7566666666666667,0.0,7.625,Sync,2,28
0.05071544031895132,0.001240439194168662,0.5966666666666667,0.013077850992277996,8.75,Naive-Async,2,28
0.04032082674035242,0.0010482624700259503,0.72,0.0,8.75,VLASH,2,28
0.03315034294495045,0.0009758416737717687,0.7483333333333333,0.0,8.571428571428571,Sync,2,29
0.04732235950981922,0.0011569799772952426,0.6066666666666667,0.012099178879677553,9.142857142857142,Naive-Async,2,29
0.03730095856760323,0.0009758416737717648,0.7316666666666667,0.0,9.142857142857142,VLASH,2,29
0.03221474573959854,0.0010319333159017434,0.7633333333333333,0.0,10.266666666666667,Sync,2,30
0.0500188033248487,0.001210962992092253,0.6016666666666667,0.01282775670423655,11.4,Naive-Async,2,30
0.039620682304615164,0.0010319333159017395,0.7233333333333334,0.0,11.466666666666667,VLASH,2,30
0.04497778312687643,0.0011373038550836715,0.7133333333333334,0.0,10.642857142857142,Sync,2,31
0.06004076468000273,0.0013450399991965997,0.545,0.014054941495945791,11.785714285714286,Naive-Async,2,31
0.04856964669775825,0.0011373038550836665,0.6866666666666666,0.0,11.785714285714286,VLASH,2,31
0.02953541236598285,0.0009109269905958882,0.7733333333333333,0.0,7.214285714285714,Sync,2,32
0.03952686369959848,0.0010802882791707499,0.675,0.01141470765898133,7.214285714285714,Naive-Async,2,32
0.029823358180984236,0.000910926990595882,0.79,0.0,7.071428571428571,VLASH,2,32
0.028486798014550754,0.0009264719855082794,0.7616666666666667,0.0,8.142857142857142,Sync,2,33
0.04334934284880544,0.0010815819788667152,0.635,0.011400497943541034,9.0,Naive-Async,2,33
0.03376482245646552,0.0009264719855082757,0.7383333333333333,0.0,9.0,VLASH,2,33
0.0324125044827975,0.0009267210858618034,0.7566666666666667,0.0,7.666666666666667,Sync,2,34
0.04180094313303706,0.0010221748244643586,0.6566666666666666,0.010864256942549269,9.933333333333334,Naive-Async,2,34
0.03279877261080479,0.0008697941551188513,0.7483333333333333,0.0,10.0,VLASH,2,34
0.036573411118856924,0.001125083259320192,0.7483333333333333,0.0,9.428571428571429,Sync,2,35
0.050695082623703654,0.001330116701493986,0.5766666666666667,0.013904686782953037,10.0,Naive-Async,2,35
0.039262009306998386,0.00112508325932019,0.735,0.0,10.0,VLASH,2,35
0.03839954864036539,0.001211920236760253,0.7416666666666667,0.0,8.8,Sync,2,36
0.058218412025824166,0.001436417914324946,0.545,0.015104284123238939,10.333333333333334,Naive-Async,2,36
0.04563914887225602,0.001211920236760249,0.7016666666666667,0.0,10.4,VLASH,2,36
0.021672364834500867,0.0007648235028393233,0.7966666666666666,0.0,5.785714285714286,Sync,2,37
0.03494570118155361,0.0009023140863034169,0.6916666666666667,0.009500955165046966,6.785714285714286,Naive-Async,2,37
0.027227776723201622,0.0007648235028393187,0.77,0.0,6.785714285714286,VLASH,2,37
0.037553997473963485,0.001184289402931598,0.7483333333333333,0.0,8.466666666666667,Sync,2,38
0.058244727858072366,0.0013878077426997498,0.535,0.014432636738043084,10.733333333333333,Naive-Async,2,38
0.04681436599641528,0.0011842894029315929,0.6916666666666667,0.0,10.733333333333333,VLASH,2,38
0.03827946599888656,0.0010784946894904749,0.7333333333333333,0.0,9.333333333333334,Sync,2,39
0.04832831986892618,0.001260032721880111,0.59,0.013429480962717441,9.266666666666667,Naive-Async,2,39
0.03715186700305187,0.0010784946894904712,0.74,0.0,9.066666666666666,VLASH,2,39
0.030170730984586308,0.001025424749232823,0.775,0.0,7.133333333333334,Sync,2,40
0.051575965201197733,0.0011984257763186315,0.5866666666666667,0.01271306691279411,9.933333333333334,Naive-Async,2,40
0.041340819510150055,0.0010254247492328182,0.7116666666666667,0.0,9.666666666666666,VLASH,2,40
0.022324240582340206,0.0007724226854646586,0.805,0.0,8.666666666666666,Sync,2,41
0.03989483200271756,0.000920054063151665,0.6883333333333334,0.009686925217682649,10.533333333333333,Naive-Async,2,41
0.03180900827825871,0.0007724226854646539,0.7616666666666667,0.0,10.533333333333333,VLASH,2,41
0.03629757925725813,0.0011353530482665385,0.7366666666666667,0.0,8.666666666666666,Sync,2,42
0.05554721684447865,0.0013072651002363975,0.5766666666666667,0.013836142387636781,11.733333333333333,Naive-Async,2,42
0.04367961595724662,0.0010936218783125537,0.72,0.0,11.666666666666666,VLASH,2,42
0.03078195297676051,0.0009450645452418498,0.7533333333333333,0.0,9.533333333333333,Sync,2,43
0.04012059378580396,0.001117672935514696,0.6466666666666666,0.011850463416511449,9.733333333333333,Naive-Async,2,43
0.030087618149302386,0.0009450645452418476,0.7633333333333333,0.0,9.666666666666666,VLASH,2,43
0.03399442885815343,0.0011388863388084292,0.785,0.0,7.714285714285714,Sync,2,44
0.05040499220359844,0.0013477550582275104,0.6066666666666667,0.014011902420305814,8.785714285714286,Naive-Async,2,44
0.03877834740687253,0.0011388863388084247,0.7516666666666667,0.0,8.714285714285714,VLASH,2,44
0.027105244028296987,0.001000294886731673,0.785,0.0,9.933333333333334,Sync,2,45
0.0479598072483302,0.0011848767418649437,0.6266666666666667,0.012501842337524495,11.4,Naive-Async,2,45
0.0376838789537937,0.0010002948867316687,0.7483333333333333,0.0,11.4,VLASH,2,45
0.03254438760303624,0.0011382291774885477,0.77,0.0,7.866666666666666,Sync,2,46
0.052598359659303914,0.001350292901120776,0.5783333333333334,0.014265052080143923,9.666666666666666,Naive-Async,2,46
0.04080789213210005,0.0011343799149424337,0.7266666666666667,0.0,9.6,VLASH,2,46
0.035130266825516045,0.0010810390988387215,0.755,0.0,10.666666666666666,Sync,2,47
0.0531548713317657,0.0012632628469563098,0.5733333333333334,0.01344074263663762,12.2,Naive-Async,2,47
0.04224501948430872,0.001081039098838719,0.715,0.0,12.266666666666667,VLASH,2,47
0.026333625252912832,0.000802606887449536,0.7766666666666666,0.0,9.0,Sync,2,48
0.03779312211745964,0.0009511784379711466,0.6516666666666666,0.01003717296219993,10.466666666666667,Naive-Async,2,48
0.029591864490908257,0.00080260688744953,0.73,0.0,10.466666666666667,VLASH,2,48
0.03592376312203172,0.0011445998730439087,0.75,0.0,8.666666666666666,Sync,2,49
0.058509403778988896,0.0013490810818521028,0.545,0.013936850664942503,10.866666666666667,Naive-Async,2,49
0.047106380089653566,0.001144599873043905,0.6933333333333334,0.0,10.933333333333334,VLASH,2,49
0.03304925572161006,0.0010721875030239266,0.755,0.0,8.857142857142858,Sync,3,0
0.06503781335268805,0.0012893091323239044,0.445,0.02373128738231453,11.357142857142858,Naive-Async,3,0
0.04654869370333795,0.0010721875030239214,0.6983333333333334,0.0,11.285714285714286,VLASH,3,0
0.041684050785123584,0.0009881010877284954,0.7166666666666667,0.0,10.642857142857142,Sync,3,1
0.058427308835376335,0.0012395077010972603,0.4816666666666667,0.022348958386170285,10.571428571428571,Naive-Async,3,1
0.04040366302241078,0.0009881010877284937,0.715,0.0,10.5,VLASH,3,1
0.040651224686843776,0.0011181871862426997,0.7183333333333334,0.0,10.733333333333333,Sync,3,2
0.06501786395513591,0.0013403186462098936,0.4766666666666667,0.024538439409847127,12.066666666666666,Naive-Async,3,2
0.0456554948090816,0.001085892330194141,0.7066666666666667,0.0,11.6,VLASH,3,2
0.04230404547340882,0.0011202066037377517,0.74,0.0,8.933333333333334,Sync,3,3
0.06232730439140419,0.001328547952277389,0.4716666666666667,0.024023796460949855,9.066666666666666,Naive-Async,3,3
0.043770254255600154,0.0011202066037377496,0.715,0.0,9.933333333333334,VLASH,3,3
0.041698675988922226,0.001148377222096371,0.7416666666666667,0.0,11.266666666666667,Sync,3,4
0.06890598947360466,0.0013266222659265115,0.43,0.024420366835344147,13.666666666666666,Naive-Async,3,4
0.051260667138942125,0.0011038692160060318,0.6816666666666666,0.0,13.4,VLASH,3,4
0.031197110687971374,0.0010691396283035114,0.775,0.0,9.4,Sync,3,5
0.061772208951730814,0.001228997482781849,0.4633333333333333,0.022423070096389372,12.2,Naive-Async,3,5
0.04501533365888354,0.0010130072638328304,0.7016666666666667,0.0,12.133333333333333,VLASH,3,5
0.02878155669160733,0.000751289190401207,0.7566666666666667,0.0,9.6,Sync,3,6
0.04186208570088332,0.0008640189666071346,0.62,0.01584747291788181,10.066666666666666,Naive-Async,3,6
0.030123471176228152,0.0007256981204150819,0.7433333333333333,0.0,10.0,VLASH,3,6
0.03824931824848645,0.0011245919276723635,0.7333333333333333,0.0,9.4,Sync,3,7
0.06458021158637099,0.0013428684889270851,0.45666666666666667,0.02400444350768112,10.533333333333333,Naive-Async,3,7
0.045653114899801915,0.0010937663582150368,0.705,0.0,10.533333333333333,VLASH,3,7
0.03443098288507844,0.0010004355286140692,0.76,0.0,8.133333333333333,Sync,3,8
0.059940807473292626,0.0012087764462515825,0.4633333333333333,0.02178690470481054,10.4,Naive-Async,3,8
0.04421034577373306,0.0009996512353854412,0.6916666666666667,0.0,10.533333333333333,VLASH,3,8
0.03683113895269487,0.0011089628647863582,0.7483333333333333,0.0,10.533333333333333,Sync,3,9
0.06223650750311485,0.0012920968138554999,0.4716666666666667,0.02349629564690037,12.8,Naive-Async,3,9
0.04431975525051602,0.0010502931538333858,0.705,0.0,12.4,VLASH,3,9
0.044090790823040224,0.000986187586147908,0.685,0.0,10.2,Sync,3,10
0.056416065337341975,0.0012108456904857605,0.485,0.022276758655732618,9.2,Naive-Async,3,10
0.03874543780869476,0.0009861875861479055,0.7016666666666667,0.0,9.666666666666666,VLASH,3,10
0.04450791460462222,0.0010895622466560381,0.7216666666666667,0.0,11.666666666666666,Sync,3,11
0.059897845148892334,0.0012911639283124424,0.49,0.023291454190601704,12.133333333333333,Naive-Async,3,11
0.041836200524792144,0.001035147236671247,0.7183333333333334,0.0,12.066666666666666,VLASH,3,11
0.03576603879721002,0.0010271621460599797,0.745,0.0,10.866666666666667,Sync,3,12
0.05881849565964612,0.0011523557437830242,0.5083333333333333,0.021322396551074447,12.533333333333333,Naive-Async,3,12
0.04327757112441619,0.0009728921420543066,0.6966666666666667,0.0,12.8,VLASH,3,12
0.03878302455637344,0.0011719477425579635,0.7433333333333333,0.0,8.8,Sync,3,13
0.06501257169811003,0.001413313263707901,0.46,0.025336684005397764,10.133333333333333,Naive-Async,3,13
0.04540239895302818,0.00114151772644764,0.705,0.0,10.066666666666666,VLASH,3,13
0.044790470852160515,0.0011359504979768368,0.6883333333333334,0.0,11.0,Sync,3,14
0.06694145563737897,0.0013702859187552942,0.41333333333333333,0.02464094676833297,12.0,Naive-Async,3,14
0.04799182281926692,0.0011359504979768348,0.6666666666666666,0.0,11.866666666666667,VLASH,3,14
0.04301646848611818,0.0010680667282314097,0.725,0.0,11.333333333333334,Sync,3,15
0.06071649883542779,0.0013165725958128728,0.475,0.023923919582109363,11.266666666666667,Naive-Async,3,15
0.0420722140218368,0.0010680667282314037,0.72,0.0,11.733333333333333,VLASH,3,15
0.02703621762784793,0.0008816423285362964,0.7816666666666666,0.0,7.642857142857143,Sync,3,16
0.0497508365794513,0.0010817364437928597,0.5383333333333333,0.01937810315683408,9.214285714285714,Naive-Async,3,16
0.03445297668798137,0.0008816423285362947,0.7383333333333333,0.0,9.5,VLASH,3,16
0.04480859728346406,0.0013768147126835607,0.7416666666666667,0.0,11.133333333333333,Sync,3,17
0.0746282026252083,0.0016812173417413364,0.38666666666666666,0.02976315507991408,11.133333333333333,Naive-Async,3,17
0.0511972794793076,0.0013768147126835587,0.7,0.0,10.933333333333334,VLASH,3,17
0.030648786341399406,0.001068524552984269,0.7833333333333333,0.0,9.928571428571429,Sync,3,18
0.06135820368393264,0.0012564246765646547,0.4866666666666667,0.02255783261051778,12.571428571428571,Naive-Async,3,18
0.043643553864742515,0.0010053479656597602,0.72,0.0,12.357142857142858,VLASH,3,18
0.0281774377888278,0.00093944248230766,0.7733333333333333,0.0,6.733333333333333,Sync,3,19
0.0539630611084192,0.0011055625238014077,0.49,0.02039115774709692,9.066666666666666,Naive-Async,3,19
0.038815081929259046,0.0009281567612117329,0.695,0.0,9.266666666666667,VLASH,3,19
0.034919766036290704,0.0010747873804855539,0.7616666666666667,0.0,8.857142857142858,Sync,3,20
0.06014614795692494,0.0013101179276443662,0.47333333333333333,0.023469753411201923,10.714285714285714,Naive-Async,3,20
0.04191668595852258,0.001074787380485551,0.7166666666666667,0.0,10.785714285714286,VLASH,3,20
0.03428449172938921,0.0011061476779546068,0.7433333333333333,0.0,8.8,Sync,3,21
0.06068379197787777,0.0013074267659618616,0.43666666666666665,0.023834123195695393,10.8,Naive-Async,3,21
0.04275646038768428,0.0011061476779546024,0.69,0.0,10.933333333333334,VLASH,3,21
0.034680082795630916,0.0010998286918349725,0.75,0.0,9.357142857142858,Sync,3,22
0.06508699846510738,0.001332117660134921,0.43666666666666665,0.02455066497478107,11.428571428571429,Naive-Async,3,22
0.04600224088144246,0.0010998286918349669,0.7,0.0,11.5,VLASH,3,22
0.032082173284534894,0.0010833751598902349,0.78,0.0,9.866666666666667,Sync,3,23
0.06265399594404343,0.0012752635466981002,0.47,0.023100902311451618,12.866666666666667,Naive-Async,3,23
0.04592992489418535,0.001052477941795375,0.7033333333333334,0.0,12.933333333333334,VLASH,3,23
0.04086588769214379,0.0010889110411536533,0.7066666666666667,0.0,12.333333333333334,Sync,3,24
0.0665163338577624,0.00132217448976434,0.4116666666666667,0.02385873767743479,13.933333333333334,Naive-Async,3,24
0.04820627894113305,0.0010651299540671833,0.67,0.0,13.8,VLASH,3,24
0.03664726522611466,0.0010682191400077244,0.7366666666666667,0.0,9.642857142857142,Sync,3,25
0.062461673634802574,0.001266659880290218,0.4633333333333333,0.02279267438995315,10.857142857142858,Naive-Async,3,25
0.04573433596263638,0.0010682191400077192,0.7,0.0,11.214285714285714,VLASH,3,25
0.035096070133107136,0.0010274369345332531,0.7566666666666667,0.0,8.533333333333333,Sync,3,26
0.061628846029472065,0.001244771109319101,0.4666666666666667,0.02268933444224396,10.4,Naive-Async,3,26
0.043940448288660255,0.0010274369345332501,0.7166666666666667,0.0,10.133333333333333,VLASH,3,26
0.027123951461436546,0.000836734261408845,0.7783333333333333,0.0,9.714285714285714,Sync,3,27
0.0487330399091176,0.0010537383099060791,0.5616666666666666,0.01860525195863053,9.071428571428571,Naive-Async,3,27
0.03385535890696352,0.0008367342614088424,0.7433333333333333,0.0,9.071428571428571,VLASH,3,27
0.03413596560169414,0.0012064723768454165,0.765,0.0,10.4,Sync,3,28
0.062392888652213534,0.0013943111404590744,0.47333333333333333,0.02534685287197209,11.6,Naive-Async,3,28
0.04290106599025136,0.0011543742834536719,0.7333333333333333,0.0,11.666666666666666,VLASH,3,28
0.041976505967002045,0.001254989416081089,0.725,0.0,12.0,Sync,3,29
0.0667502106269917,0.0014545018646195409,0.4483333333333333,0.026475028772549713,12.4,Naive-Async,3,29
0.047204349846686394,0.0012288798051002575,0.7133333333333334,0.0,12.466666666666667,VLASH,3,29
0.03167935046322482,0.0009758852763925888,0.7733333333333333,0.0,8.214285714285714,Sync,3,30
0.055175114064195015,0.0012062737765913501,0.49666666666666665,0.021565098666912797,10.5,Naive-Async,3,30
0.03734433396076247,0.0009613445782700872,0.7266666666666667,0.0,10.0,VLASH,3,30
0.03302815871051993,0.0010500385154956374,0.7533333333333333,0.0,8.928571428571429,Sync,3,31
0.06110481105284364,0.0012770098968080596,0.465,0.023399365245062965,10.5,Naive-Async,3,31
0.04321756256947039,0.0010500385154956346,0.7066666666666667,0.0,10.642857142857142,VLASH,3,31
0.036721155256680786,0.0011955848855024214,0.7516666666666667,0.0,9.933333333333334,Sync,3,32
0.06689032121375109,0.0014356583237012566,0.46166666666666667,0.02567482058382063,9.6,Naive-Async,3,32
0.04716748467922599,0.001195584885502418,0.7016666666666667,0.0,9.733333333333333,VLASH,3,32
0.04568772102894503,0.001105816399184363,0.7283333333333334,0.0,10.5,Sync,3,33
0.06492733075911415,0.001365796290531353,0.4716666666666667,0.024349336684538488,10.857142857142858,Naive-Async,3,33
0.04577513557030078,0.0011058163991843582,0.72,0.0,10.857142857142858,VLASH,3,33
0.03064011531316971,0.0010190519186275189,0.7716666666666666,0.0,7.8,Sync,3,34
0.060439598432637937,0.0012116321560810895,0.4633333333333333,0.022045416769276266,9.866666666666667,Naive-Async,3,34
0.044301576795727195,0.0010190519186275139,0.7033333333333334,0.0,10.0,VLASH,3,34
0.036227745581248263,0.0012058230771438863,0.77,0.0,8.571428571428571,Sync,3,35
0.06883440392243147,0.0014534042308885719,0.4216666666666667,0.025745659769284893,11.571428571428571,Naive-Async,3,35
0.049732872150301734,0.0012058230771438852,0.705,0.0,11.357142857142858,VLASH,3,35
0.0412402681613377,0.0010925966544450317,0.7166666666666667,0.0,9.733333333333333,Sync,3,36
0.06009519571649041,0.0012736484348668557,0.44666666666666666,0.02294214805607106,10.666666666666666,Naive-Async,3,36
0.04270259475867335,0.0010560251524822572,0.7,0.0,10.333333333333334,VLASH,3,36
0.033880151707438945,0.001102760258681071,0.7916666666666666,0.0,9.466666666666667,Sync,3,37
0.06268252266949242,0.0013112400155875573,0.505,0.023624886855037896,11.8,Naive-Async,3,37
0.04572343489733006,0.0011027602586810683,0.7116666666666667,0.0,11.666666666666666,VLASH,3,37
0.03562160535346024,0.001184243803784001,0.7566666666666667,0.0,8.0,Sync,3,38
0.0648596505709368,0.001423018304855724,0.4483333333333333,0.025655976219239273,10.333333333333334,Naive-Async,3,38
0.04533333094566617,0.0011842438037839983,0.705,0.0,10.133333333333333,VLASH,3,38
0.03467076896068868,0.0009589490011319311,0.7616666666666667,0.0,10.0,Sync,3,39
0.05255027078881429,0.001143733704054722,0.555,0.020828678039240555,10.4,Naive-Async,3,39
0.03559750414686121,0.000919769024426467,0.7466666666666667,0.0,10.133333333333333,VLASH,3,39
0.04276617260058496,0.0012300016213397794,0.7083333333333334,0.0,10.466666666666667,Sync,3,40
0.06655999382138197,0.0014690392591659026,0.415,0.02637856622299709,11.133333333333333,Naive-Async,3,40
0.04728364261861842,0.001230001621339776,0.69,0.0,11.2,VLASH,3,40
0.03177405760521056,0.0009829353166752775,0.7716666666666666,0.0,7.928571428571429,Sync,3,41
0.05752769122463581,0.0011956619897408077,0.5133333333333333,0.021902294650792645,9.428571428571429,Naive-Async,3,41
0.04029144497523987,0.0009829353166752744,0.7333333333333333,0.0,9.357142857142858,VLASH,3,41
0.03564343024480709,0.0010820855756529524,0.7466666666666667,0.0,11.4,Sync,3,42
0.05837092640591963,0.0013224568356551946,0.4766666666666667,0.02426556719479627,11.8,Naive-Async,3,42
0.03892841555073493,0.0010820855756529474,0.7333333333333333,0.0,11.933333333333334,VLASH,3,42
0.030722983110830306,0.0008701102875802002,0.7816666666666666,0.0,10.857142857142858,Sync,3,43
0.05245425206504128,0.001118053691505213,0.535,0.020134026430327127,12.285714285714286,Naive-Async,3,43
0.03518576168005257,0.0008701102875801952,0.7483333333333333,0.0,12.285714285714286,VLASH,3,43
0.0329151899178639,0.0008645377665854229,0.7266666666666667,0.0,10.466666666666667,Sync,3,44
0.04800119173918411,0.001046025681601252,0.5583333333333333,0.018787656530732253,7.666666666666667,Naive-Async,3,44
0.03365480438070149,0.0008645377665854199,0.725,0.0,8.333333333333334,VLASH,3,44
0.03832201053435679,0.0011752299739997598,0.7433333333333333,0.0,9.142857142857142,Sync,3,45
0.06837123769942346,0.001415096131025545,0.4533333333333333,0.02543367867940603,11.0,Naive-Async,3,45
0.04833345369116219,0.0011752299739997577,0.7016666666666667,0.0,10.928571428571429,VLASH,3,45
0.029299665888649688,0.0010512696704941505,0.785,0.0,7.642857142857143,Sync,3,46
0.05605273833756825,0.001322037756219289,0.49666666666666665,0.02350143237740305,10.214285714285714,Naive-Async,3,46
0.03665976616345553,0.0010512696704941466,0.7266666666666667,0.0,10.142857142857142,VLASH,3,46
0.045802412545658505,0.0010516419927416247,0.7233333333333334,0.0,9.4,Sync,3,47
0.06338688589437097,0.0013004615125270075,0.49,0.02357213248013093,9.4,Naive-Async,3,47
0.04520426749959734,0.0010516419927416188,0.7183333333333334,0.0,9.533333333333333,VLASH,3,47
0.04226173105846184,0.0010977521978285402,0.7083333333333334,0.0,10.0,Sync,3,48
0.06335781136375845,0.001293605363812689,0.44166666666666665,0.023444399248508614,10.866666666666667,Naive-Async,3,48
0.045941757977934365,0.0010977521978285361,0.6716666666666666,0.0,10.8,VLASH,3,48
0.03881574359004426,0.0011029863174250797,0.7216666666666667,0.0,9.533333333333333,Sync,3,49
0.05836177507487063,0.0012733896755730513,0.4683333333333333,0.02214391914605562,10.533333333333333,Naive-Async,3,49
0.04138768263155812,0.0010472216996325729,0.6983333333333334,0.0,10.466666666666667,VLASH,3,49
0.036566989933340906,0.001140441232345602,0.7416666666666667,0.0,9.066666666666666,Sync,4,0
0.07349297178735258,0.0014276214620469164,0.32666666666666666,0.038303824811249984,11.066666666666666,Naive-Async,4,0
0.04780735407231885,0.001140441232345598,0.6883333333333334,0.0,11.2,VLASH,4,0
0.03458639676555156,0.0012075840461179227,0.7716666666666666,0.0,8.571428571428571,Sync,4,1
0.08274809609681716,0.0016434321749929312,0.2916666666666667,0.04351220148276586,11.5,Naive-Async,4,1
0.048768864945927734,0.0012075840461179186,0.705,0.0,11.428571428571429,VLASH,4,1
0.042238266455853705,0.0011410428347442569,0.7016666666666667,0.0,10.6,Sync,4,2
0.07677341477445605,0.0015125734667525053,0.2816666666666667,0.04004563568396617,11.4,Naive-Async,4,2
0.04724858333656607,0.001141042834744254,0.675,0.0,11.666666666666666,VLASH,4,2
0.03402984777307642,0.0010111677741543325,0.76,0.0,8.357142857142858,Sync,4,3
0.06753128552448677,0.0012938274472176574,0.37666666666666665,0.03399595796286429,11.214285714285714,Naive-Async,4,3
0.044652166505826756,0.0010111677741543315,0.6933333333333334,0.0,10.928571428571429,VLASH,4,3
0.03283089293823861,0.0009398459132824812,0.75,0.0,11.066666666666666,Sync,4,4
0.06059620259395226,0.0012547195784334655,0.4066666666666667,0.03261807738486148,11.2,Naive-Async,4,4
0.03772832572651708,0.0009398459132824783,0.71,0.0,12.133333333333333,VLASH,4,4
0.03279176249545419,0.0009087968949538382,0.755,0.0,10.6,Sync,4,5
0.06135444869065743,0.0011667625922880296,0.4033333333333333,0.030293248219605384,13.0,Naive-Async,4,5
0.04110710162630807,0.000908796894953835,0.695,0.0,12.466666666666667,VLASH,4,5
0.02629199770206112,0.0010071631082778905,0.78,0.0,7.0,Sync,4,6
0.07076737972381004,0.0013336417181323325,0.37166666666666665,0.03569818717142811,10.266666666666667,Naive-Async,4,6
0.04517691507529982,0.001007163108277888,0.6933333333333334,0.0,10.2,VLASH,4,6
0.02347673181487112,0.0006784810086756808,0.8133333333333334,0.0,8.4,Sync,4,7
0.04904059239032197,0.000930210437148456,0.5416666666666666,0.02403181115718682,9.8,Naive-Async,4,7
0.03112741940965232,0.0006784810086756769,0.76,0.0,10.0,VLASH,4,7
0.04452221669961057,0.0011984051849700968,0.7216666666666667,0.0,12.266666666666667,Sync,4,8
0.09047806775843485,0.0015967019562598485,0.25166666666666665,0.042905745926545294,15.266666666666667,Naive-Async,4,8
0.05966716118637918,0.0011984051849700942,0.6483333333333333,0.0,15.2,VLASH,4,8
0.03469638621951133,0.0010172253924659088,0.7333333333333333,0.0,8.733333333333333,Sync,4,9
0.0708185254702474,0.0013026238269326284,0.3466666666666667,0.03452769259316486,11.533333333333333,Naive-Async,4,9
0.04747082893198487,0.001017225392465906,0.6666666666666666,0.0,11.133333333333333,VLASH,4,9
0.034216473478893936,0.0009648533999692342,0.7483333333333333,0.0,8.2,Sync,4,10
0.06846441163336818,0.0013129093442282884,0.36666666666666664,0.034042684985481936,10.6,Naive-Async,4,10
0.04299335137983584,0.0009648533999692316,0.695,0.0,10.333333333333334,VLASH,4,10
0.04635747656699282,0.001096896153730359,0.6783333333333333,0.0,11.466666666666667,Sync,4,11
0.07588937726451564,0.001455370847874829,0.275,0.03767474524084034,12.133333333333333,Naive-Async,4,11
0.049749856304924525,0.0010968961537303566,0.6583333333333333,0.0,12.266666666666667,VLASH,4,11
0.03222877432509675,0.000918593904681278,0.7633333333333333,0.0,8.571428571428571,Sync,4,12
0.06355263586659318,0.001301707797528671,0.37333333333333335,0.03382834654645694,10.5,Naive-Async,4,12
0.037106719677402866,0.0009185939046812739,0.73,0.0,9.714285714285714,VLASH,4,12
0.034329716914210454,0.0008375505652511646,0.7483333333333333,0.0,8.142857142857142,Sync,4,13
0.059352342741538874,0.0011226309428590325,0.435,0.029188788286432146,9.0,Naive-Async,4,13
0.038488474139865725,0.0008375505652511627,0.715,0.0,9.285714285714286,VLASH,4,13
0.03228584605166206,0.0008786480767753888,0.8166666666666667,0.0,8.333333333333334,Sync,4,14
0.06696717328900588,0.0012060998880155103,0.465,0.031547453606201384,10.933333333333334,Naive-Async,4,14
0.04283281363466047,0.0008786480767753866,0.75,0.0,10.2,VLASH,4,14
0.03570869567009285,0.001051935868477394,0.7533333333333333,0.0,9.214285714285714,Sync,4,15
0.06890110659597831,0.0013563828991042517,0.33166666666666667,0.03554242079012679,11.428571428571429,Naive-Async,4,15
0.04370266596001804,0.0010519358684773898,0.6933333333333334,0.0,11.785714285714286,VLASH,4,15
0.030805549422650406,0.0009062967535008031,0.735,0.0,7.6,Sync,4,16
0.06344668397316416,0.001177513276487356,0.395,0.03144984402719971,10.2,Naive-Async,4,16
0.040931591028418306,0.0009062967535007994,0.675,0.0,9.733333333333333,VLASH,4,16
0.046999795229522676,0.0011007526983052855,0.68,0.0,11.0,Sync,4,17
0.07342658649449985,0.0014564704820798375,0.33666666666666667,0.0379827831830829,11.0,Naive-Async,4,17
0.0464408958739776,0.0011007526983052814,0.6733333333333333,0.0,11.0,VLASH,4,17
0.04263413846695124,0.0009756935951384859,0.685,0.0,12.8,Sync,4,18
0.06893381036130157,0.0013029597664590668,0.34,0.03438506221891099,10.8,Naive-Async,4,18
0.04398692851333536,0.0009756935951384825,0.6783333333333333,0.0,13.333333333333334,VLASH,4,18
0.03683076358060992,0.000977506154432931,0.735,0.0,8.866666666666667,Sync,4,19
0.06605571318004072,0.0013389930291184305,0.38,0.034696946480807615,8.8,Naive-Async,4,19
0.03887985781234592,0.0009775061544329275,0.715,0.0,9.4,VLASH,4,19
0.038648230871407056,0.0009509609282891901,0.7433333333333333,0.0,8.214285714285714,Sync,4,20
0.06553288544989441,0.0012822589807541264,0.41,0.034005175517596506,9.214285714285714,Naive-Async,4,20
0.04097079738196575,0.0009509609282891873,0.6966666666666667,0.0,9.357142857142858,VLASH,4,20
0.03676228358563062,0.0009153336940194084,0.7133333333333334,0.0,9.333333333333334,Sync,4,21
0.06541831963524802,0.0012801176095446508,0.3983333333333333,0.03355139665516165,9.666666666666666,Naive-Async,4,21
0.03962499506260497,0.0009153336940194066,0.68,0.0,10.133333333333333,VLASH,4,21
0.04231874411061088,0.0009470057135574714,0.72,0.0,10.5,Sync,4,22
0.06917630611988239,0.0013162781165150757,0.36,0.034059511539851865,11.642857142857142,Naive-Async,4,22
0.04295210261672127,0.000947005713557468,0.7066666666666667,0.0,11.071428571428571,VLASH,4,22
0.044303592038609035,0.0012714051225826391,0.7416666666666667,0.0,9.333333333333334,Sync,4,23
0.09266267160351355,0.0016799475884421763,0.245,0.042966570589900624,12.466666666666667,Naive-Async,4,23
0.061956367853999446,0.0012714051225826359,0.6616666666666666,0.0,12.533333333333333,VLASH,4,23
0.038851348570979945,0.0009728478689210722,0.7183333333333334,0.0,11.533333333333333,Sync,4,24
0.06806580370286679,0.0013452748180941205,0.35333333333333333,0.03485709438580438,12.266666666666667,Naive-Async,4,24
0.04188187014920397,0.0009728478689210684,0.6983333333333334,0.0,12.333333333333334,VLASH,4,24
0.03829284463922909,0.0012137719340564903,0.7516666666666667,0.0,9.428571428571429,Sync,4,25
0.08558247222999117,0.0015856616848236155,0.2966666666666667,0.04136851237525092,12.928571428571429,Naive-Async,4,25
0.05664555287452491,0.0012137719340564869,0.6716666666666666,0.0,12.857142857142858,VLASH,4,25
0.03817581465576163,0.0009960263725117423,0.7366666666666667,0.0,11.4,Sync,4,26
0.06816001728495336,0.0013125266737544978,0.36333333333333334,0.03494330200916297,12.266666666666667,Naive-Async,4,26
0.04382395112141608,0.0009960263725117382,0.7033333333333334,0.0,12.466666666666667,VLASH,4,26
0.031091404100027743,0.0009136773859855635,0.7716666666666666,0.0,6.866666666666666,Sync,4,27
0.06422156745502136,0.001287341174610451,0.44,0.03372701591251747,8.133333333333333,Naive-Async,4,27
0.03804332127701946,0.0009136773859855601,0.7516666666666667,0.0,7.933333333333334,VLASH,4,27
0.027359834693791073,0.0008907237635424296,0.78,0.0,9.466666666666667,Sync,4,28
0.062612251004556,0.0012620360393614046,0.4,0.033168365027857256,11.866666666666667,Naive-Async,4,28
0.03703536928328466,0.0008907237635424273,0.74,0.0,11.066666666666666,VLASH,4,28
0.025712874264080976,0.0007768847832365443,0.7833333333333333,0.0,7.266666666666667,Sync,4,29
0.04949991960224998,0.0010332610268181989,0.48333333333333334,0.027149839594616705,8.133333333333333,Naive-Async,4,29
0.030177433640781636,0.0007768847832365422,0.7566666666666667,0.0,8.333333333333334,VLASH,4,29
0.042010401288944024,0.0010090480231836178,0.72,0.0,10.0,Sync,4,30
0.06916161750613445,0.0013077469634738496,0.37166666666666665,0.034279850799333836,12.666666666666666,Naive-Async,4,30
0.045082183460560185,0.0009627735239385111,0.7033333333333334,0.0,12.533333333333333,VLASH,4,30
0.040705172536792025,0.0010361258912939084,0.71,0.0,10.928571428571429,Sync,4,31
0.07327367988808813,0.0014189295463515402,0.285,0.03794294942146586,11.928571428571429,Naive-Async,4,31
0.04400771445019563,0.001036125891293905,0.69,0.0,11.785714285714286,VLASH,4,31
0.028960200419556995,0.0010158462086131551,0.805,0.0,6.933333333333334,Sync,4,32
0.07473246841111437,0.001385307597823542,0.38,0.03595503308266444,12.066666666666666,Naive-Async,4,32
0.04664820094068887,0.0009758557101646082,0.7283333333333334,0.0,12.066666666666666,VLASH,4,32
0.0445649162012952,0.001069810451225196,0.705,0.0,12.733333333333333,Sync,4,33
0.07709067399741991,0.0014244901386056923,0.31,0.037215273885561506,14.466666666666667,Naive-Async,4,33
0.05108031080960922,0.0010698104512251924,0.665,0.0,14.333333333333334,VLASH,4,33
0.04112516929904571,0.0009755018542515554,0.72,0.0,9.214285714285714,Sync,4,34
0.06865310345105916,0.0012618153782512635,0.41,0.03199243887535116,11.0,Naive-Async,4,34
0.048393335330692414,0.0009755018542515504,0.68,0.0,10.928571428571429,VLASH,4,34
0.04849386993221235,0.0012547103069882118,0.7233333333333334,0.0,10.357142857142858,Sync,4,35
0.08790916966713791,0.0016967993067385227,0.2916666666666667,0.043714215623966775,11.857142857142858,Naive-Async,4,35
0.05641385486810405,0.0012547103069882075,0.6833333333333333,0.0,11.785714285714286,VLASH,4,35
0.04065388945751716,0.0012099571008063062,0.7233333333333334,0.0,9.0,Sync,4,36
0.08133038122653405,0.0015637205337531203,0.2683333333333333,0.04163949044067074,13.0,Naive-Async,4,36
0.05068523581222985,0.001163225040240425,0.6733333333333333,0.0,12.875,VLASH,4,36
0.03146902969815231,0.0009066683822125748,0.775,0.0,7.266666666666667,Sync,4,37
0.06606467429366418,0.0012901095576285776,0.4083333333333333,0.033200315568742894,9.666666666666666,Naive-Async,4,37
0.04045255925213219,0.0009066683822125701,0.7283333333333334,0.0,8.866666666666667,VLASH,4,37
0.047491593275084974,0.0011151992818021384,0.6883333333333334,0.0,10.4,Sync,4,38
0.07784333361840634,0.0014586531979818376,0.33,0.03747507966724763,11.266666666666667,Naive-Async,4,38
0.052700976174993704,0.0011151992818021345,0.675,0.0,11.466666666666667,VLASH,4,38
0.04297812086929597,0.001070634657990812,0.715,0.0,12.533333333333333,Sync,4,39
0.07419175518874566,0.0014469748438194685,0.32666666666666666,0.03789330980562182,13.266666666666667,Naive-Async,4,39
0.045750237187598464,0.0010706346579908075,0.695,0.0,13.333333333333334,VLASH,4,39
0.03292683866131987,0.0008743435573402902,0.7633333333333333,0.0,7.933333333333334,Sync,4,40
0.06202419620116661,0.001123302794800017,0.41833333333333333,0.02983221592829422,11.666666666666666,Naive-Async,4,40
0.04005277381845184,0.0008433339443031514,0.7266666666666667,0.0,11.2,VLASH,4,40
0.03488566742207892,0.0009829303480632442,0.7533333333333333,0.0,8.857142857142858,Sync,4,41
0.06652832209927889,0.0013283477548963038,0.37166666666666665,0.034430265930778144,10.714285714285714,Naive-Async,4,41
0.04132948704261933,0.0009829303480632418,0.7133333333333334,0.0,10.285714285714286,VLASH,4,41
0.0439322638165498,0.0010629347539607662,0.705,0.0,11.214285714285714,Sync,4,42
0.06791243235964921,0.0013503012858774313,0.37666666666666665,0.03507486646448752,11.357142857142858,Naive-Async,4,42
0.0456200705999147,0.0010629347539607614,0.6916666666666667,0.0,11.785714285714286,VLASH,4,42
0.04696196982117753,0.0011816269175371156,0.695,0.0,12.4375,Sync,4,43
0.07806287052083662,0.00146097378623074,0.2966666666666667,0.038947482921527374,13.6875,Naive-Async,4,43
0.05337791656456361,0.0011816269175371128,0.655,0.0,13.9375,VLASH,4,43
0.043884241518153,0.001083406114808544,0.7,0.0,10.857142857142858,Sync,4,44
0.07562056665491299,0.0014183762315895078,0.3283333333333333,0.03760851295609956,12.357142857142858,Naive-Async,4,44
0.04883947364558618,0.0010834061148085417,0.68,0.0,11.714285714285714,VLASH,4,44
0.03716437184663665,0.0009870025769586213,0.7133333333333334,0.0,9.2,Sync,4,45
0.06664991849622907,0.0013088188675436103,0.325,0.035126911930557524,10.8,Naive-Async,4,45
0.04119424168706511,0.0009870025769586183,0.6866666666666666,0.0,10.266666666666667,VLASH,4,45
0.035322062033322284,0.0009807156629232006,0.725,0.0,10.285714285714286,Sync,4,46
0.06897483654758878,0.0012761220600194304,0.31666666666666665,0.03343973818121853,12.928571428571429,Naive-Async,4,46
0.046748693828423345,0.0009807156629231988,0.665,0.0,12.857142857142858,VLASH,4,46
0.0369601560177364,0.0010428519377048745,0.7366666666666667,0.0,9.857142857142858,Sync,4,47
0.07660317558382121,0.0014305936089700393,0.29833333333333334,0.03712441344336455,12.928571428571429,Naive-Async,4,47
0.04936467811548352,0.0010428519377048706,0.67,0.0,12.714285714285714,VLASH,4,47
0.05061003579876302,0.0013634892101026211,0.7233333333333334,0.0,10.0,Sync,4,48
0.09869324446507992,0.0017613081874167976,0.25333333333333335,0.046234204967762565,12.8,Naive-Async,4,48
0.06717276667225823,0.0013634892101026177,0.65,0.0,12.933333333333334,VLASH,4,48
0.03455748570540633,0.0012248889991779788,0.7716666666666666,0.0,8.5,Sync,4,49
0.08033533976216174,0.0016279220144240457,0.3,0.0408857006073414,11.642857142857142,Naive-Async,4,49
0.05251280134846619,0.0012248889991779768,0.6983333333333334,0.0,11.642857142857142,VLASH,4,49
